<?xml version="1.0" standalone="yes"?>
<archive xmlns="http://rs.tdwg.org/dwc/text/"
    xmlns:xsi="http://www.w3.org/2001/XMLSchema-instance"
    xsi:schemaLocation="http://rs.tdwg.org/dwc/text/ http://darwincore.googlecode.com/svn/trunk/text/tdwg_dwc_text.xsd"
    metadata="prov.xml"
    >
    <core encoding="UTF-8" fieldsTerminatedBy="," linesTerminatedBy="\n" fieldsEnclosedBy='"' ignoreHeaderLines="0" rowType="http://rs.tdwg.org/dwc/xsd/simpledarwincore/SimpleDarwinRecord" >
        <files>
            <location>darwin_core_living.csv</location>
        </files>
        
        <!-- record id is guid -->
        <id index="0" />
        
        
        <!-- column mappings -->
        <field  index="0" term="http://rs.tdwg.org/dwc/terms/occurrenceID" />
        <field index="1" term="http://purl.org/dc/terms/modified" />
        <field index="2" term="http://rs.tdwg.org/dwc/terms/catalogNumber" />
        <field index="3" term="http://rs.tdwg.org/dwc/terms/informationWithheld" />
        <field index="4" term="http://rs.tdwg.org/dwc/terms/occurrenceRemarks" />
        <field index="5" term="http://rs.tdwg.org/dwc/terms/scientificName" />
        <field index="6" term="http://rs.tdwg.org/dwc/terms/family" />
        <field index="7" term="http://rs.tdwg.org/dwc/terms/genus" />
        <field index="8" term="http://rs.tdwg.org/dwc/terms/specificEpithet" />
        <field index="9" term="	http://rs.tdwg.org/dwc/terms/higherGeography" />
        <field index="10" term="http://rs.tdwg.org/dwc/terms/fieldNotes" />
        <field index="11" term="http://rs.tdwg.org/dwc/terms/country" />
        <field index="12" term="http://rs.tdwg.org/dwc/terms/stateProvince" />
        <field index="13" term="http://rs.tdwg.org/dwc/terms/county" />
        <field index="14" term="http://rs.tdwg.org/dwc/terms/locality" />
        <field index="15" term="http://rs.tdwg.org/dwc/terms/eventDate" />
        <!--
            <field index="16" term="http://rs.tdwg.org/dwc/dwcore/LatestDateCollected" />
        -->
        <field index="17" term="http://rs.tdwg.org/dwc/terms/startDayOfYear" />
        <field index="18" term="http://rs.tdwg.org/dwc/terms/recordedBy" />
        <field index="19" term="http://rs.tdwg.org/dwc/terms/sex" />
        <!--
            <field index="20" term="http://rs.tdwg.org/dwc/curatorial/CatalogNumberNumeric" />
        -->
        <field index="21" term="http://rs.tdwg.org/dwc/terms/recordNumber" />
        <field index="22" term="http://rs.tdwg.org/dwc/terms/verbatimEventDate" />
        <field index="23" term="http://rs.tdwg.org/dwc/terms/samplingProtocol" />
        <field index="24" term="http://rs.tdwg.org/dwc/terms/verbatimElevation" />
        <field index="25" term="http://rs.tdwg.org/dwc/terms/minimumElevationInMeters" />
        <field index="26" term="http://rs.tdwg.org/dwc/terms/maximumElevationInMeters" />
        <field index="27" term="http://rs.tdwg.org/dwc/terms/disposition" />
        <field index="28" term="http://rs.tdwg.org/dwc/terms/geodeticDatum" />
        <field index="29" term="http://rs.tdwg.org/dwc/terms/verbatimLongitude" />
        <field index="30" term="http://rs.tdwg.org/dwc/terms/verbatimLatitude" />
        <field index="31" term="http://rs.tdwg.org/dwc/terms/decimalLongitude" />
        <field index="32" term="http://rs.tdwg.org/dwc/terms/decimalLatitude" />
        
        <!-- static values -->        
        <field term="http://rs.tdwg.org/dwc/terms/nomenclaturalCode" default="ICBN" />
        <field term="http://rs.tdwg.org/dwc/terms/basisOfRecord" default="LivingSpecimen" />
        <field term="http://purl.org/dc/terms/type" default="PhysicalObject" />
        <field term="http://rs.tdwg.org/dwc/terms/collectionCode" default="E" />
        <field term="http://rs.tdwg.org/dwc/terms/collectionID" default="http://biocol.org/urn:lsid:biocol.org:col:15670" />
        <field term="http://rs.tdwg.org/dwc/terms/datasetName" default="Royal Botanic Garden Edinburgh Living Collection" />
        <field term="http://rs.tdwg.org/dwc/terms/ownerInstitutionCode" default="Royal Botanic Garden Edinburgh" />
        <field term="http://rs.tdwg.org/dwc/terms/verbatimCoordinateSystem" default="degrees minutes seconds" />
        
        
    </core>
    
    
</archive>
