<?xml version="1.0" encoding="UTF-8"?>
<metadata xmlns:dc="http://purl.org/dc/terms/">
    
    <!-- human title -->
    <dc:title>Royal Botanic Garden Edinburgh Living Plant Collections (E)</dc:title>
    
    <!-- How to cite this dataset -->
    <dc:bibliographicCitation>sdfsdaf</dc:bibliographicCitation>
    
    <!-- summary of the dataset -->
    <dc:abstract>Royal Botanic Garden Edinburgh Living Collections.</dc:abstract>
    
    <!-- full description -->
    <dc:description>The Royal Botanic Garden Edinburgh was established in 1670 and during the 20th century acquired three Regional Gardens – the mountainous Benmore in Argyll; Dawyck in the wooded hills of the Scottish Borders and Logan on the Gulf Stream-warmed southern peninsula of Dumfries &amp; Galloway.
        Together they represent one of the world’s largest living collections of plants.
    </dc:description>
    
    <!-- keywords -->
    <dc:subject>Living Plant Specimens</dc:subject>
    
    <!-- 
        The main language used in the dataset.
        Recommended best practice is to use a controlled vocabulary such as RFC 4646.
    -->
    <dc:language>en</dc:language>
    
    <!-- if there exists a globally unique identifier for the dataset already, e.g. a DOI -->
    <dc:identifier></dc:identifier>
    
    <!-- 
        "homepage", a link to an online version of the dataset, e.g. a search website or the online description of the dataset
        For links to individual records please use the dwc archive data files or a static mapping with variables.
        See http://code.google.com/p/gbif-ecat/wiki/DwCArchive#Variables_in_static_mappings
    -->
    <dc:source>http://www.rbge.org.uk/</dc:source>
    
    <!-- if dataset is available in another format, e.g. a database dump or pdf file -->
    <!--
    <dc:isFormatOf></dc:isFormatOf>
    -->
    
    <!-- An entity primarily responsible for making the darwin core archive -->
    <dc:creator>Rob Cubey</dc:creator>
    
    <!-- Date of creation of the resource. Use the ISO date format YYYY-MM-DD -->
    <dc:created>2011-12-16T15:40:20+00:00</dc:created>
    
    <!-- An entity responsible for making the resource available. Examples of a Publisher include a person, an organization, or a service -->
    <dc:publisher>Royal Botanic Garden Edinburgh (E)</dc:publisher>
    
    <!-- A comma seperated list of entities responsible for making contributions to the resource. -->
    <dc:contributor></dc:contributor>
    
    <!-- Information about rights held in and over the resource.Typically, rights information includes a statement about various property rights associated with the resource, including intellectual property rights. -->
    <dc:rights>Copyright Royal Botanic Garden Edinburgh. Contact us for rights to commercial use.</dc:rights>
    
    <!-- A legal document giving official permission to do something with the resource. -->
    <dc:license>http://creativecommons.org/licenses/by-nc/3.0/</dc:license>
    
</metadata>
